{
    "keep": {
        "days": true,
        "amount": 14
    },
    "auditLog": "C:\\Users\\HURAIRA\\Desktop\\Projects\\Flutter\\WatchMate\\backend\\methods\\logger\\logger_logs\\.11782a1b4f059b3598d56a1b0db643c4ed27c691-audit.json",
    "files": [
        {
            "date": 1755018552498,
            "name": "C:\\Users\\HURAIRA\\Desktop\\Projects\\Flutter\\WatchMate\\backend\\methods\\logger\\logger_logs\\2025-08-12.log",
            "hash": "d5280c88045a4881d9ef980c6c60d7c2634a746ad475a029548d09ef42892ea3"
        },
        {
            "date": 1755025298545,
            "name": "C:\\Users\\HURAIRA\\Desktop\\Projects\\Flutter\\WatchMate\\backend\\methods\\logger\\logger_logs\\2025-08-13.log",
            "hash": "7ca7ec68a1b4290f02ef3bfe67a7b3a08a675d9ecba5ad43889390ef529fe6da"
        },
        {
            "date": 1755111657065,
            "name": "C:\\Users\\HURAIRA\\Desktop\\Projects\\Flutter\\WatchMate\\backend\\methods\\logger\\logger_logs\\2025-08-14.log",
            "hash": "5f6278beab1c12948d3fd256f6ba609d44477da853b2717e28fee4d0fb5eb1b1"
        }
    ],
    "hashType": "sha256"
}